Dogwood_Lounge,20:a6:cd:34:0e:c0,20:a6:cd:34:0e:c1,20:a6:cd:34:0e:c2,20:a6:cd:34:0e:d1,20:a6:cd:34:0e:d2,20:a6:cd:34:0e:d0,20:a6:cd:34:67:91,20:a6:cd:34:67:90,20:a6:cd:34:67:82,20:a6:cd:34:67:92,20:a6:cd:34:67:80,20:a6:cd:34:67:81,34:fc:b9:d0:fe:50,34:fc:b9:d0:fe:52,20:a6:cd:34:17:f1,20:a6:cd:34:4e:a1,34:fc:b9:d0:fe:51,20:a6:cd:34:17:f2,20:a6:cd:34:17:f0,20:a6:cd:34:4e:a0,20:a6:cd:34:4e:a2,34:fc:b9:d0:f0:81,34:fc:b9:d0:fe:41,34:fc:b9:d0:ee:60,34:fc:b9:d0:fe:42,20:a6:cd:34:17:e2,20:a6:cd:34:17:e0,34:fc:b9:d0:fe:40,34:fc:b9:d0:ff:60,34:fc:b9:d0:f0:82,34:fc:b9:d0:ee:61,34:fc:b9:d0:ff:71,34:fc:b9:d0:ee:72,34:fc:b9:d0:ff:72,34:fc:b9:d0:ff:70,34:fc:b9:d0:ee:71,34:fc:b9:d0:ee:70,34:fc:b9:d0:f0:91,34:fc:b9:d0:f0:92,34:fc:b9:d0:f0:90,34:fc:b9:d0:cf:c1,34:fc:b9:d0:cf:c2,34:fc:b9:d0:cf:c0,20:a6:cd:34:4e:b0,20:a6:cd:34:4e:b1,20:a6:cd:34:4e:b2,18:64:72:2e:c0:42,34:fc:b9:d0:da:00,00:1a:1e:92:79:61,34:fc:b9:d0:fe:f1,34:fc:b9:d0:e6:e2,34:fc:b9:d0:fe:f2,34:fc:b9:d0:fe:f0
Dogwood_Elevator/Stairs,20:a6:cd:34:17:e1,20:a6:cd:34:17:e2,20:a6:cd:34:17:e0,20:a6:cd:34:17:f1,20:a6:cd:34:17:f2,20:a6:cd:34:17:f0,20:a6:cd:34:67:81,20:a6:cd:34:67:82,20:a6:cd:34:4e:b1,20:a6:cd:34:4e:b2,20:a6:cd:34:4e:b0,20:a6:cd:34:0e:c1,20:a6:cd:34:0e:c2,20:a6:cd:34:0e:d0,20:a6:cd:34:0e:d1,20:a6:cd:34:0e:d2,20:a6:cd:34:0e:c0,20:a6:cd:34:4e:a1,20:a6:cd:34:4e:a2,20:a6:cd:34:4e:a0,20:a6:cd:34:67:91,20:a6:cd:34:67:92,20:a6:cd:34:67:90,20:a6:cd:34:67:80,34:fc:b9:d0:e6:e1,34:fc:b9:d0:e6:e2,34:fc:b9:d0:e6:e0,34:fc:b9:d0:e6:f1,34:fc:b9:d0:e6:f2,34:fc:b9:d0:e6:f0,00:1a:1e:80:d2:41,34:fc:b9:d0:fe:42,34:fc:b9:d0:fe:e0,34:fc:b9:d0:fe:e2,34:fc:b9:d0:cf:c0,34:fc:b9:d0:cf:c1,34:fc:b9:d0:cf:c2,34:fc:b9:d0:fe:40,34:fc:b9:d0:da:00,34:fc:b9:d1:01:80,34:fc:b9:d1:01:82,34:fc:b9:d0:ee:61,34:fc:b9:d0:ee:62,34:fc:b9:d0:f0:82,34:fc:b9:d0:f0:81,34:fc:b9:d0:ee:71,34:fc:b9:d0:ee:60,34:fc:b9:d0:ee:70,34:fc:b9:d0:ee:72
Dogwood_Rooms_206/209,20:a6:cd:34:17:e2,20:a6:cd:34:17:e0,20:a6:cd:34:17:e1,20:a6:cd:34:0e:c1,20:a6:cd:34:0e:c2,20:a6:cd:34:67:82,20:a6:cd:34:4e:a0,20:a6:cd:34:67:81,20:a6:cd:34:67:80,20:a6:cd:34:17:f1,20:a6:cd:34:17:f2,20:a6:cd:34:4e:a2,34:fc:b9:d0:ff:62,20:a6:cd:34:17:f0,34:fc:b9:d0:ff:60,34:fc:b9:d0:ff:61,20:a6:cd:34:4e:a1,34:fc:b9:d0:fe:42,34:fc:b9:d0:de:01,34:fc:b9:d0:e6:e1,34:fc:b9:d0:de:02,34:fc:b9:d0:de:00,34:fc:b9:d0:e6:e0,34:fc:b9:d0:ff:71,34:fc:b9:d0:ff:72,34:fc:b9:d0:ff:70,34:fc:b9:d0:de:11,34:fc:b9:d0:de:12,34:fc:b9:d0:de:10,34:fc:b9:d0:e6:e2,34:fc:b9:d0:f2:e2,34:fc:b9:d0:f2:e1,34:fc:b9:d0:d5:42,34:fc:b9:d0:e5:c0,34:fc:b9:d0:d5:40,20:a6:cd:34:0e:c0,34:fc:b9:d1:01:80,34:fc:b9:d0:fb:e0,34:fc:b9:d0:fe:40,34:fc:b9:d1:01:82,34:fc:b9:d0:f2:f1,34:fc:b9:d0:f2:f2,34:fc:b9:d0:ff:22,34:fc:b9:d0:ee:61,34:fc:b9:d0:fe:51,34:fc:b9:d0:ff:21,34:fc:b9:d0:ee:62,34:fc:b9:d0:f0:82,34:fc:b9:d0:fe:52,34:fc:b9:d0:ff:32,34:fc:b9:d1:02:62,34:fc:b9:d0:f2:f0,34:fc:b9:d0:fe:50,34:fc:b9:d0:f0:81,34:fc:b9:d0:ff:31,34:fc:b9:d0:e1:a0,34:fc:b9:d0:d5:51,34:fc:b9:d0:e1:a2,34:fc:b9:d0:e5:d2,34:fc:b9:d0:e1:a1,34:fc:b9:d0:e5:d1,34:fc:b9:d0:f2:b1,34:fc:b9:d0:fb:f1,34:fc:b9:d0:f2:b2,34:fc:b9:d0:d5:50,34:fc:b9:d0:ee:60,34:fc:b9:d0:f2:b0,00:1a:1e:92:79:62,34:fc:b9:d0:fb:f2,34:fc:b9:d0:e5:d0,00:1a:1e:92:79:61,34:fc:b9:d0:fb:f0,34:fc:b9:d0:fe:91
Dogwood_Room_212,20:a6:cd:34:17:e1,20:a6:cd:34:17:e2,20:a6:cd:34:17:e0,34:fc:b9:d0:de:01,34:fc:b9:d0:f0:61,34:fc:b9:d1:07:61,34:fc:b9:d1:07:62,20:a6:cd:34:4e:a2,34:fc:b9:d0:f0:62,34:fc:b9:d0:ff:62,20:a6:cd:34:4e:a1,34:fc:b9:d0:ff:61,34:fc:b9:d0:e5:c2,34:fc:b9:d0:fe:42,34:fc:b9:d0:de:02,34:fc:b9:d0:de:00,34:fc:b9:d0:ff:60,34:fc:b9:d0:fe:81,20:a6:cd:34:17:f2,34:fc:b9:d0:d9:c2,34:fc:b9:d0:fe:80,34:fc:b9:d0:e6:e2,34:fc:b9:d0:fe:82,34:fc:b9:d0:ef:e0,34:fc:b9:d0:e5:d1,34:fc:b9:d0:ef:e1,34:fc:b9:d0:e5:d2,34:fc:b9:d0:f2:e2,34:fc:b9:d0:e5:c0,34:fc:b9:d0:e5:d0,34:fc:b9:d0:f2:e1,34:fc:b9:d0:cf:e2,34:fc:b9:d0:f2:a2,34:fc:b9:d0:d5:42,34:fc:b9:d0:e4:20,34:fc:b9:d0:d5:40,34:fc:b9:d0:f0:70,34:fc:b9:d0:f0:71,34:fc:b9:d0:d9:d2,34:fc:b9:d0:f0:72,34:fc:b9:d0:fe:92,34:fc:b9:d0:fe:90,34:fc:b9:d0:d9:d1,34:fc:b9:d0:fe:91,20:a6:cd:34:0e:c2,34:fc:b9:d0:d9:d0,20:a6:cd:34:0e:c0,34:fc:b9:d0:fb:e0,34:fc:b9:d0:ff:21,34:fc:b9:d0:fd:e2,34:fc:b9:d1:02:62,34:fc:b9:d0:cf:f1,34:fc:b9:d0:cf:f2,34:fc:b9:d0:cf:f0,34:fc:b9:d0:e1:a0,34:fc:b9:d0:e1:a2,34:fc:b9:d0:f7:a2,34:fc:b9:d0:e1:a1,34:fc:b9:d0:e4:22,00:1a:1e:92:79:62,20:a6:cd:34:4e:b1,34:fc:b9:d0:fd:11,20:a6:cd:34:4e:b2,20:a6:cd:34:4e:b0,00:1a:1e:92:79:61,34:fc:b9:d0:fd:10,34:fc:b9:d0:fd:12
Dogwood_Trash_Room,20:a6:cd:34:17:e1,20:a6:cd:34:17:e2,20:a6:cd:34:17:e0,34:fc:b9:d0:de:01,34:fc:b9:d1:07:61,34:fc:b9:d0:ea:e2,34:fc:b9:d1:07:62,34:fc:b9:d0:ea:e1,34:fc:b9:d0:ea:e0,34:fc:b9:d0:ff:61,34:fc:b9:d0:ea:f2,34:fc:b9:d0:ea:f0,34:fc:b9:d0:ff:60,34:fc:b9:d0:ea:f1,34:fc:b9:d0:fe:80,34:fc:b9:d0:cf:e2,34:fc:b9:d0:cf:e1,34:fc:b9:d0:ef:e1,34:fc:b9:d0:f2:a2,34:fc:b9:d0:cf:e0,34:fc:b9:d0:e9:40,34:fc:b9:d0:e9:41,34:fc:b9:d0:fd:e1,34:fc:b9:d0:e9:42,34:fc:b9:d0:e4:20,34:fc:b9:d0:d9:c1,34:fc:b9:d0:fe:81,34:fc:b9:d0:d9:c2,34:fc:b9:d0:fe:82,34:fc:b9:d0:fd:e0,34:fc:b9:d0:f7:a2,34:fc:b9:d0:d9:c0,34:fc:b9:d0:e4:21,34:fc:b9:d0:e9:51,20:a6:cd:34:0e:c2,34:fc:b9:d0:e9:52,34:fc:b9:d0:fd:e2,34:fc:b9:d0:fd:41,34:fc:b9:d0:f0:62,34:fc:b9:d0:fd:02,20:a6:cd:34:0e:c0,34:fc:b9:d0:e9:50,34:fc:b9:d0:fd:40,34:fc:b9:d0:f0:61,34:fc:b9:d0:e4:22,34:fc:b9:d0:f0:60,34:fc:b9:d0:e5:c1,34:fc:b9:d0:fd:42,34:fc:b9:d0:e5:c0,34:fc:b9:d0:e5:c2,34:fc:b9:d1:08:60,34:fc:b9:d1:08:62,34:fc:b9:d1:07:60,34:fc:b9:d0:ef:e0,34:fc:b9:d0:f0:70,34:fc:b9:d0:ea:22,34:fc:b9:d0:f0:72,20:a6:cd:34:17:f0,20:a6:cd:34:17:f1
Dogwood_Rooms_226/227,20:a6:cd:34:67:80,20:a6:cd:34:0e:c1,20:a6:cd:34:0e:c2,20:a6:cd:34:0e:c0,20:a6:cd:34:4e:a1,20:a6:cd:34:4e:a2,20:a6:cd:34:67:81,20:a6:cd:34:67:82,20:a6:cd:34:17:e1,34:fc:b9:d0:fe:41,20:a6:cd:34:17:e2,20:a6:cd:34:17:e0,34:fc:b9:d0:fe:40,34:fc:b9:d0:fe:42,34:fc:b9:d0:da:01,34:fc:b9:d0:da:02,34:fc:b9:d0:da:00,20:a6:cd:34:17:f0,20:a6:cd:34:4e:a0,34:fc:b9:d0:ff:61,34:fc:b9:d0:ff:62,34:fc:b9:d0:f0:81,34:fc:b9:d0:f0:80,34:fc:b9:d0:f0:82,34:fc:b9:d0:da:11,34:fc:b9:d0:da:12,34:fc:b9:d0:da:10,20:a6:cd:34:4e:b1,34:fc:b9:d0:e6:e1,34:fc:b9:d0:ef:41,20:a6:cd:34:4e:b2,34:fc:b9:d0:e6:e2,34:fc:b9:d0:ee:62,20:a6:cd:34:4e:b0,34:fc:b9:d0:ee:60,34:fc:b9:d0:ef:40,34:fc:b9:d0:fc:f1,34:fc:b9:d0:fc:f0,34:fc:b9:d0:ee:61,34:fc:b9:d0:fe:f1,34:fc:b9:d1:01:d1,34:fc:b9:d0:fc:f2,34:fc:b9:d0:fe:f2,34:fc:b9:d1:01:d2,34:fc:b9:d0:fe:f0,34:fc:b9:d1:01:d0,34:fc:b9:d0:cf:d1,00:1a:1e:80:d4:c2,34:fc:b9:d0:cf:d2,34:fc:b9:d0:cf:d0,34:fc:b9:d0:d3:80,34:fc:b9:d0:f3:61,34:fc:b9:d0:d3:82,18:64:72:2e:ad:a0,34:fc:b9:d0:ef:51,34:fc:b9:d1:00:01,34:fc:b9:d0:ef:52,34:fc:b9:d0:ef:50,34:fc:b9:d0:f3:60,34:fc:b9:d0:f3:62,34:fc:b9:d1:00:02,34:fc:b9:d0:e5:41,34:fc:b9:d1:02:a2,34:fc:b9:d1:00:00,34:fc:b9:d0:e5:40,34:fc:b9:d0:e5:42
Dogwood_Rooms_232/237,20:a6:cd:34:0e:c1,20:a6:cd:34:0e:c2,20:a6:cd:34:0e:c0,20:a6:cd:34:4e:a1,20:a6:cd:34:4e:a2,20:a6:cd:34:67:81,20:a6:cd:34:67:82,34:fc:b9:d0:fe:41,20:a6:cd:34:17:e2,34:fc:b9:d0:fe:40,34:fc:b9:d0:fe:42,34:fc:b9:d0:da:02,34:fc:b9:d0:da:00,34:fc:b9:d0:da:01,34:fc:b9:d1:06:62,34:fc:b9:d1:06:60,34:fc:b9:d0:ee:e1,34:fc:b9:d1:06:71,34:fc:b9:d0:ee:e2,34:fc:b9:d0:f0:82,34:fc:b9:d1:06:72,34:fc:b9:d0:ee:e0,34:fc:b9:d1:06:70,34:fc:b9:d0:e6:e1,34:fc:b9:d0:ef:41,34:fc:b9:d0:d8:62,34:fc:b9:d0:e6:e2,34:fc:b9:d0:ee:62,34:fc:b9:d0:d8:60,34:fc:b9:d0:ee:60,20:a6:cd:34:17:e1,34:fc:b9:d0:d8:61,34:fc:b9:d0:ee:61,34:fc:b9:d0:ee:f2,20:a6:cd:34:17:e0,34:fc:b9:d0:ee:f1,34:fc:b9:d0:ee:f0,34:fc:b9:d0:fb:a1,34:fc:b9:d0:fb:a2,34:fc:b9:d1:01:41,34:fc:b9:d1:01:40,34:fc:b9:d1:00:01,34:fc:b9:d0:fe:e2,34:fc:b9:d1:01:42,20:a6:cd:34:17:f0,34:fc:b9:d0:d8:70,34:fc:b9:d0:fb:b1,00:1a:1e:80:d4:c2,34:fc:b9:d0:fb:b2,34:fc:b9:d0:fb:b0,34:fc:b9:d1:00:02,34:fc:b9:d0:d3:80,34:fc:b9:d0:f3:61,34:fc:b9:d0:d3:82,34:fc:b9:d1:00:d2,18:64:72:2e:ad:a0,34:fc:b9:d1:00:d1,34:fc:b9:d0:f3:60,34:fc:b9:d1:47:81,34:fc:b9:d0:f3:62,34:fc:b9:d0:e5:41,34:fc:b9:d1:02:a2,20:a6:cd:34:4e:a0,34:fc:b9:d1:00:00,34:fc:b9:d0:e5:40,34:fc:b9:d0:ef:40,34:fc:b9:d0:e5:42,34:fc:b9:d1:00:10,ac:a3:1e:6b:37:88,ac:a3:1e:6b:37:89,ac:a3:1e:6b:37:8a
Dogwood_and_Cedar_Balcony,34:fc:b9:d1:00:d2,ac:a3:1e:6b:76:42,34:fc:b9:d1:00:d1,34:fc:b9:d1:00:d0,ac:a3:1e:6b:76:40,ac:a3:1e:6b:37:81,34:fc:b9:d0:da:01,ac:a3:1e:6b:37:80,ac:a3:1e:6b:76:41,34:fc:b9:d1:06:62,34:fc:b9:d1:06:60,34:fc:b9:d0:ee:e1,34:fc:b9:d0:ee:e2,34:fc:b9:d0:ee:e0,44:48:c1:aa:e7:c0,ac:a3:1e:6b:37:88,00:1a:1e:80:e5:60,20:a6:cd:34:0e:c1,34:fc:b9:d0:ef:41,ac:a3:1e:6b:37:89,34:fc:b9:d0:ee:62,ac:a3:1e:6b:37:8a,ac:a3:1e:6b:67:22,ac:a3:1e:6b:a1:42,20:a6:cd:34:17:e1,20:a6:cd:34:0e:c2,20:a6:cd:34:0e:c0,34:fc:b9:d0:d8:60,34:fc:b9:d0:ee:61,ac:a3:1e:6b:67:21,34:fc:b9:d0:d8:62,ac:a3:1e:6b:98:e2,20:a6:cd:34:17:e0,34:fc:b9:d0:fb:a0,ac:a3:1e:6b:a1:40,18:64:72:2e:c0:42,18:64:72:2e:c0:40,34:fc:b9:d0:d8:61,34:fc:b9:d0:fb:a1,34:fc:b9:d0:fb:a2,ac:a3:1e:6b:67:20,00:1a:1e:80:e5:62,00:1a:1e:80:e5:61,34:fc:b9:d1:01:41,ac:a3:1e:6b:98:ea,34:fc:b9:d1:01:40,34:fc:b9:d1:00:01,ac:a3:1e:6b:67:29,ac:a3:1e:6b:98:e9,34:fc:b9:d0:fe:e2,34:fc:b9:d1:01:42,ac:a3:1e:6b:67:2a,ac:a3:1e:6b:98:e0,ac:a3:1e:6b:98:e8,ac:a3:1e:6b:67:28,34:fc:b9:d1:00:02,ac:a3:1e:6b:76:48,34:fc:b9:d0:f3:61,ac:a3:1e:6b:76:4a,34:fc:b9:d1:00:00,ac:a3:1e:6b:76:49,34:fc:b9:d0:fb:b2,34:fc:b9:d0:f3:60,34:fc:b9:d1:47:81,34:fc:b9:d0:f3:62,34:fc:b9:d1:47:82,ac:a3:1e:6b:a1:4a,ac:a3:1e:6b:a1:48,34:fc:b9:d1:02:a2,20:a6:cd:34:4e:a0,34:fc:b9:d0:ef:40,24:de:c6:e4:9c:52,24:de:c6:e4:9c:50,24:de:c6:e4:9c:51,ac:a3:1e:6b:8e:88,ac:a3:1e:6b:a2:60,ac:a3:1e:6b:3a:ea,ac:a3:1e:6b:8e:8a,ac:a3:1e:6b:34:08,ac:a3:1e:6b:7b:29,ac:a3:1e:6b:8e:89,ac:a3:1e:6b:a1:49,ac:a3:1e:6b:7b:2a,34:fc:b9:d0:fe:f0
Cedar_Room_215,ac:a3:1e:6b:34:01,ac:a3:1e:6b:34:02,ac:a3:1e:6b:34:00,ac:a3:1e:6b:34:09,ac:a3:1e:6b:34:0a,ac:a3:1e:6b:34:08,ac:a3:1e:6b:37:82,ac:a3:1e:6b:67:21,ac:a3:1e:6b:67:22,ac:a3:1e:6b:37:80,ac:a3:1e:6b:37:81,ac:a3:1e:6b:67:20,00:1a:1e:80:e5:60,00:1a:1e:80:e5:61,20:a6:cd:34:0e:c1,20:a6:cd:34:0e:c2,20:a6:cd:34:0e:c0,ac:a3:1e:6b:93:c0,18:64:72:2e:c0:40,ac:a3:1e:6b:93:c1,ac:a3:1e:6b:93:c2,18:64:72:2e:c0:42,18:64:72:2e:b8:21,34:fc:b9:d0:fb:a1,00:1a:1e:80:e5:62,ac:a3:1e:6b:98:e9,ac:a3:1e:6b:a2:61,ac:a3:1e:6b:98:ea,ac:a3:1e:6b:a2:62,ac:a3:1e:6b:98:e8,ac:a3:1e:6b:a2:60,ac:a3:1e:6b:88:c1,ac:a3:1e:6b:76:42,ac:a3:1e:6b:88:c2,ac:a3:1e:6b:88:c0,18:64:72:2e:ad:a2,ac:a3:1e:6b:81:c1,ac:a3:1e:6b:81:c2,ac:a3:1e:6b:76:40,ac:a3:1e:6b:81:c0,ac:a3:1e:6b:76:41,ac:a3:1e:6b:46:42,ac:a3:1e:6b:46:40,ac:a3:1e:6b:46:41,34:fc:b9:d1:02:a1,ac:a3:1e:6b:37:89,ac:a3:1e:6b:67:29,ac:a3:1e:6b:93:c9,ac:a3:1e:6b:37:8a,ac:a3:1e:6b:67:2a,ac:a3:1e:6b:93:ca,ac:a3:1e:6b:37:88,ac:a3:1e:6b:a1:41,24:de:c6:e4:9c:50,ac:a3:1e:6b:81:ca,ac:a3:1e:6b:67:28,ac:a3:1e:6b:a1:40,ac:a3:1e:6b:a1:48,ac:a3:1e:6b:a1:49,ac:a3:1e:6b:a1:42,24:de:c6:e4:9c:52,ac:a3:1e:6b:98:e1,ac:a3:1e:6b:46:4a,ac:a3:1e:6b:a1:4a,24:de:c6:e4:9c:51,ac:a3:1e:6b:81:c8,ac:a3:1e:6b:98:e0,ac:a3:1e:6b:46:49,ac:a3:1e:6b:46:48,ac:a3:1e:6b:86:40,ac:a3:1e:6b:88:c9,ac:a3:1e:6b:88:ca,ac:a3:1e:6b:7b:20,ac:a3:1e:6b:86:41,ac:a3:1e:6b:a2:6a,ac:a3:1e:6b:76:c0,ac:a3:1e:6b:88:c8,ac:a3:1e:6b:a2:68,ac:a3:1e:6b:3a:e9,ac:a3:1e:6b:86:42,ac:a3:1e:6b:7b:28,ac:a3:1e:6b:76:49,ac:a3:1e:6b:76:4a,ac:a3:1e:6b:7b:2a,ac:a3:1e:6b:7b:29,ac:a3:1e:6b:3a:ea,ac:a3:1e:6b:3a:e8,ac:a3:1e:6b:76:48
Cedar_Rooms_204/207,ac:a3:1e:6b:34:01,ac:a3:1e:6b:a3:e1,ac:a3:1e:6b:34:02,ac:a3:1e:6b:34:00,ac:a3:1e:6b:a3:e2,ac:a3:1e:6b:a3:e0,ac:a3:1e:6b:34:09,ac:a3:1e:6b:45:01,ac:a3:1e:6b:34:0a,ac:a3:1e:6b:45:02,ac:a3:1e:6b:45:00,00:1a:1e:80:d4:c1,ac:a3:1e:6b:34:08,00:1a:1e:80:d4:c0,ac:a3:1e:6b:40:80,ac:a3:1e:6b:a3:e9,ac:a3:1e:6b:a3:ea,ac:a3:1e:6b:88:c0,ac:a3:1e:6b:a3:e8,ac:a3:1e:6b:37:81,ac:a3:1e:6b:37:82,ac:a3:1e:6b:67:22,ac:a3:1e:6b:67:20,ac:a3:1e:6b:67:21,ac:a3:1e:6b:45:a1,ac:a3:1e:6b:45:a2,ac:a3:1e:6b:45:a0,ac:a3:1e:6b:93:c1,ac:a3:1e:6b:a2:62,ac:a3:1e:6b:a2:61,ac:a3:1e:6b:a2:60,ac:a3:1e:6b:45:09,ac:a3:1e:6b:76:41,ac:a3:1e:6b:86:41,ac:a3:1e:6b:88:c1,ac:a3:1e:6b:7b:22,ac:a3:1e:6b:84:40,ac:a3:1e:6b:a5:80,ac:a3:1e:6b:45:0a,ac:a3:1e:6b:76:42,ac:a3:1e:6b:86:42,ac:a3:1e:6b:40:88,ac:a3:1e:6b:45:08,ac:a3:1e:6b:81:c1,ac:a3:1e:6b:84:41,ac:a3:1e:6b:46:42,ac:a3:1e:6b:81:c2,ac:a3:1e:6b:84:42,ac:a3:1e:6b:81:c0,ac:a3:1e:6b:8d:80,ac:a3:1e:6b:46:40,ac:a3:1e:6b:7b:28,ac:a3:1e:6b:88:c2,ac:a3:1e:6b:4c:c0,ac:a3:1e:6b:86:40,ac:a3:1e:6b:67:29,ac:a3:1e:6b:93:c9,ac:a3:1e:6b:67:2a,ac:a3:1e:6b:93:ca,ac:a3:1e:6b:93:c0,ac:a3:1e:6b:81:ca,ac:a3:1e:6b:93:c2,ac:a3:1e:6b:67:28,ac:a3:1e:6b:40:89,ac:a3:1e:6b:46:49,ac:a3:1e:6b:81:c9,ac:a3:1e:6b:46:4a,ac:a3:1e:6b:46:48,ac:a3:1e:6b:81:c8,ac:a3:1e:6b:92:a0,ac:a3:1e:6b:93:c8,ac:a3:1e:6b:98:e1,ac:a3:1e:6b:8d:8a,ac:a3:1e:6b:92:aa,ac:a3:1e:6b:98:e0,ac:a3:1e:6b:8d:89,ac:a3:1e:6b:92:a9,ac:a3:1e:6b:40:8a,ac:a3:1e:6b:8d:88,ac:a3:1e:6b:76:c9,ac:a3:1e:6b:a2:69,ac:a3:1e:6b:76:ca,ac:a3:1e:6b:a2:6a,ac:a3:1e:6b:76:c8,ac:a3:1e:6b:92:a8,ac:a3:1e:6b:a2:68,ac:a3:1e:6b:77:69,ac:a3:1e:6b:88:c9,ac:a3:1e:6b:77:6a,ac:a3:1e:6b:88:ca,ac:a3:1e:6b:76:c0,ac:a3:1e:6b:77:68,ac:a3:1e:6b:88:c8,ac:a3:1e:6b:a1:40,ac:a3:1e:6b:4c:c1,ac:a3:1e:6b:86:49,ac:a3:1e:6b:a5:89,ac:a3:1e:6b:86:4a,ac:a3:1e:6b:a5:8a,ac:a3:1e:6b:4c:c8,ac:a3:1e:6b:84:48,ac:a3:1e:6b:86:48,ac:a3:1e:6b:a5:88,ac:a3:1e:6b:76:49,00:1a:1e:80:d2:52,ac:a3:1e:6b:4c:c2,ac:a3:1e:6b:76:4a,ac:a3:1e:6b:84:4a,00:1a:1e:80:d2:50,00:1a:1e:80:d2:51,ac:a3:1e:6b:84:49,00:1a:1e:80:d4:d0,ac:a3:1e:6b:76:48,ac:a3:1e:6b:45:a9,ac:a3:1e:6b:45:aa,ac:a3:1e:6b:45:a8
Cedar_Lounge,00:1a:1e:80:d4:c2,00:1a:1e:80:d4:c0,00:1a:1e:80:d4:c1,00:1a:1e:80:d2:42,00:1a:1e:80:d2:41,00:1a:1e:80:d2:40,ac:a3:1e:6b:7c:49,ac:a3:1e:6b:7c:4a,ac:a3:1e:6b:7c:48,ac:a3:1e:6b:a3:e1,00:1a:1e:80:d4:d1,ac:a3:1e:6b:40:81,ac:a3:1e:6b:40:82,ac:a3:1e:6b:a3:e2,ac:a3:1e:6b:a3:e0,ac:a3:1e:6b:7c:41,00:1a:1e:80:d4:d2,ac:a3:1e:6b:7c:42,00:1a:1e:80:d4:d0,ac:a3:1e:6b:40:80,ac:a3:1e:6b:7c:40,00:1a:1e:80:d2:51,ac:a3:1e:6b:45:01,00:1a:1e:80:d2:52,00:1a:1e:80:d2:50,ac:a3:1e:6b:45:00,ac:a3:1e:6b:34:09,ac:a3:1e:6b:34:0a,ac:a3:1e:6b:45:02,ac:a3:1e:6b:34:08,ac:a3:1e:6b:45:0a,ac:a3:1e:6b:45:08,ac:a3:1e:6b:45:09,ac:a3:1e:6b:a3:e9,ac:a3:1e:6b:a3:ea,ac:a3:1e:6b:88:c0,ac:a3:1e:6b:40:89,ac:a3:1e:6b:40:8a,ac:a3:1e:6b:40:88,ac:a3:1e:6b:86:41,ac:a3:1e:6b:86:42,ac:a3:1e:6b:86:40,ac:a3:1e:6b:45:a1,ac:a3:1e:6b:45:a2,ac:a3:1e:6b:45:a0,ac:a3:1e:6b:96:00,ac:a3:1e:6b:88:c1,ac:a3:1e:6b:96:01,ac:a3:1e:6b:7b:22,20:a6:cd:34:0e:c2,ac:a3:1e:6b:84:41,ac:a3:1e:6b:84:42,ac:a3:1e:6b:8d:80,ac:a3:1e:6b:7b:28,ac:a3:1e:6b:84:40,ac:a3:1e:6b:a5:80,ac:a3:1e:6b:88:c2,ac:a3:1e:6b:4c:c0,ac:a3:1e:6b:86:48,18:64:72:2e:b8:20,18:64:72:2e:c0:41,ac:a3:1e:6b:86:49,ac:a3:1e:6b:86:4a,34:fc:b9:d0:da:00,ac:a3:1e:6b:7d:28,ac:a3:1e:6b:93:c0,ac:a3:1e:6b:93:c2,20:a6:cd:34:0e:c0,00:1a:1e:80:e5:62,ac:a3:1e:6b:46:49,ac:a3:1e:6b:81:c9,ac:a3:1e:6b:46:4a,ac:a3:1e:6b:46:48,ac:a3:1e:6b:81:c8,ac:a3:1e:6b:92:a0,ac:a3:1e:6b:93:c8,ac:a3:1e:6b:8d:8a,ac:a3:1e:6b:92:aa,ac:a3:1e:6b:45:a9,ac:a3:1e:6b:8d:89,ac:a3:1e:6b:92:a9,ac:a3:1e:6b:a1:41,ac:a3:1e:6b:45:aa,ac:a3:1e:6b:96:0a,ac:a3:1e:6b:a1:42,ac:a3:1e:6b:8d:88,ac:a3:1e:6b:76:c9,ac:a3:1e:6b:96:09,ac:a3:1e:6b:a2:69,ac:a3:1e:6b:76:ca,ac:a3:1e:6b:a2:6a,ac:a3:1e:6b:76:c8,ac:a3:1e:6b:92:a8,ac:a3:1e:6b:a2:68,ac:a3:1e:6b:77:69,ac:a3:1e:6b:88:c9,ac:a3:1e:6b:77:6a,ac:a3:1e:6b:88:ca,ac:a3:1e:6b:77:68,ac:a3:1e:6b:88:c8,ac:a3:1e:6b:96:08,ac:a3:1e:6b:a1:40,ac:a3:1e:6b:a5:89,ac:a3:1e:6b:a5:8a,ac:a3:1e:6b:4c:c8,ac:a3:1e:6b:84:48,ac:a3:1e:6b:a3:e8,ac:a3:1e:6b:a5:88,ac:a3:1e:6b:84:4a,ac:a3:1e:6b:45:a8,ac:a3:1e:6b:84:49,ac:a3:1e:6b:5a:0a
Inside_Boelter_3400,94:b4:0f:e1:ae:31,94:b4:0f:e1:ae:30,94:b4:0f:e1:ae:32,94:b4:0f:e1:ad:90,94:b4:0f:e1:ad:91,94:b4:0f:e1:ad:82,94:b4:0f:e1:ad:92,94:b4:0f:e1:ad:80,94:b4:0f:e1:bc:70,94:b4:0f:e1:ad:81,94:b4:0f:e1:bc:71,94:b4:0f:e1:bc:72,94:b4:0f:e1:b7:70,94:b4:0f:e1:b8:70,94:b4:0f:e1:b7:71,94:b4:0f:e1:b7:72,94:b4:0f:e1:b8:72,94:b4:0f:e1:b8:71,94:b4:0f:e1:b7:90,94:b4:0f:e1:b7:92,94:b4:0f:e1:b7:91,94:b4:0f:e1:af:b1,94:b4:0f:e1:af:b2,94:b4:0f:e1:af:b0,94:b4:0f:e1:ae:22,94:b4:0f:e1:ae:20,94:b4:0f:e1:b8:60,94:b4:0f:e1:ae:21,94:b4:0f:e1:b8:61,94:b4:0f:e1:b8:62,94:b4:0f:e1:b7:61,94:b4:0f:e1:b7:62,94:b4:0f:e1:b7:60,94:b4:0f:e1:b7:81,94:b4:0f:e1:bc:60,94:b4:0f:e1:bc:61,94:b4:0f:e1:b7:82,94:b4:0f:e1:af:a0,94:b4:0f:e1:af:a1,94:b4:0f:e1:af:a2,94:b4:0f:e1:bc:62,18:64:72:ee:0f:e0,94:b4:0f:e1:ae:a0,18:64:72:ee:0f:e2,94:b4:0f:e1:b6:52,18:64:72:ee:0f:e1,94:b4:0f:e1:ae:a1,94:b4:0f:e1:b6:51,94:b4:0f:e1:ae:a2,94:b4:0f:e1:b5:c0
Inside_Boelter_3_Stairway_2,94:b4:0f:e1:aa:50,94:b4:0f:e1:aa:52,94:b4:0f:e1:aa:51,94:b4:0f:e1:b2:60,9c:1c:12:86:c2:a0,94:b4:0f:e1:ae:a2,94:b4:0f:e1:b2:62,94:b4:0f:e1:ae:a0,18:64:72:f0:34:22,18:64:72:f0:34:21,94:b4:0f:e1:ae:a1,94:b4:0f:e1:aa:42,9c:1c:12:86:c2:a2,18:64:72:ee:0f:e0,94:b4:0f:e1:aa:40,94:b4:0f:e1:aa:41,9c:1c:12:86:a5:22,9c:1c:12:86:cb:b2,9c:1c:12:86:cb:b1,9c:1c:12:86:cb:b0,94:b4:0f:e1:b5:c2,9c:1c:12:86:cb:a2,9c:1c:12:86:a5:21,9c:1c:12:86:a5:30,9c:1c:12:86:cb:a0,9c:1c:12:86:a5:32,9c:1c:12:86:a5:31,94:b4:0f:e1:ab:50,94:b4:0f:e1:ac:d0,94:b4:0f:e1:b6:90,9c:1c:12:86:a5:20,94:b4:0f:b0:ce:41,94:b4:0f:e1:ac:d1,94:b4:0f:b0:ce:50,94:b4:0f:b0:ce:51,94:b4:0f:e1:ac:d2,94:b4:0f:e1:ae:b2,94:b4:0f:e1:ab:51,9c:1c:12:86:b1:b0,94:b4:0f:e1:ab:52,94:b4:0f:b0:ce:52,9c:1c:12:86:b1:b1,94:b4:0f:b0:ce:40,94:b4:0f:b0:07:82,9c:1c:12:86:b1:b2,94:b4:0f:b0:ce:42,94:b4:0f:e1:ab:40,94:b4:0f:e1:ab:41,94:b4:0f:e1:ab:42
Outside_Boelter_3_CS_Department_Offices,94:b4:0f:b0:d3:30,94:b4:0f:b0:d3:32,94:b4:0f:b0:d3:31,18:64:72:ee:11:b2,18:64:72:ee:11:b1,18:64:72:ee:11:b0,94:b4:0f:b0:d3:20,94:b4:0f:b0:d3:22,94:b4:0f:b0:d3:21,18:64:72:ee:19:f0,18:64:72:ee:19:f2,18:64:72:ee:19:f1,18:64:72:ee:11:a0,94:b4:0f:b0:ce:70,9c:1c:12:86:a5:50,9c:1c:12:86:bf:90,18:64:72:ee:11:a2,9c:1c:12:86:a5:52,9c:1c:12:86:bf:92,18:64:72:ee:11:a1,9c:1c:12:86:a5:51,9c:1c:12:86:bf:91,94:b4:0f:b0:ce:72,94:b4:0f:b0:ce:71,9c:1c:12:86:a5:40,94:b4:0f:e1:b0:22,9c:1c:12:86:a5:42,94:b4:0f:e1:ab:91,9c:1c:12:86:a5:41,94:b4:0f:e1:ab:92,18:64:72:ee:19:e0,18:64:72:ee:19:e2,18:64:72:ee:19:e1,94:b4:0f:e1:b0:21,94:b4:0f:e1:ab:90,9c:1c:12:86:bf:82,94:b4:0f:e1:b4:60,18:64:72:e0:90:01,94:b4:0f:e1:ab:80,94:b4:0f:e1:ab:82,18:64:72:ee:1a:11,94:b4:0f:e1:ab:81,9c:1c:12:86:bf:80,9c:1c:12:86:cd:c0,94:b4:0f:b0:ce:62,94:b4:0f:e1:b4:61,18:64:72:e0:90:11,94:b4:0f:e1:b4:62,9c:1c:12:86:d0:f0,18:64:72:e0:90:12,94:b4:0f:e1:ab:40,9c:1c:12:86:d0:f2,94:b4:0f:e1:aa:41,9c:1c:12:86:d0:f1,18:64:72:ee:1a:10,94:b4:0f:b0:ce:60,18:64:72:ee:12:c1,94:b4:0f:e1:b0:20,18:64:72:ee:12:c2,18:64:72:ee:1a:12,9c:1c:12:86:d0:e1,94:b4:0f:e1:aa:42,9c:1c:12:86:af:42,9c:1c:12:86:d0:e2,94:b4:0f:b0:ce:61,9c:1c:12:86:b1:a1,9c:1c:12:86:af:40,9c:1c:12:86:d0:e0,9c:1c:12:86:af:41,94:b4:0f:b0:cf:81,9c:1c:12:86:cd:c1,18:64:72:ee:13:32,9c:1c:12:86:b1:a2,9c:1c:12:86:cd:c2,18:64:72:ee:1a:01,18:64:72:ee:10:20,9c:1c:12:86:b1:a0,9c:1c:12:86:ad:20,9c:1c:12:86:ae:30,18:64:72:ee:16:12,9c:1c:12:86:ae:32,94:b4:0f:e1:ae:41,94:b4:0f:b0:c9:b0,94:b4:0f:b0:c9:b2,18:64:72:ee:16:11,94:b4:0f:b0:c9:b1,9c:1c:12:86:ae:31,18:64:72:ee:10:21
Inside_Boelter_3_Stairway_4,94:b4:0f:b0:d3:20,94:b4:0f:b0:d3:22,94:b4:0f:b0:d3:21,18:64:72:ee:11:a0,18:64:72:ee:11:a2,18:64:72:ee:11:a1,9c:1c:12:86:d0:e0,94:b4:0f:e1:b0:22,9c:1c:12:86:a5:42,9c:1c:12:86:d0:e2,9c:1c:12:86:a5:41,9c:1c:12:86:a5:40,18:64:72:ee:19:e0,18:64:72:ee:19:e2,18:64:72:ee:19:e1,94:b4:0f:e1:b0:21,9c:1c:12:86:bf:82,94:b4:0f:e1:ab:80,94:b4:0f:e1:ab:82,94:b4:0f:e1:ab:81,9c:1c:12:86:d0:e1,18:64:72:ee:12:c2,9c:1c:12:86:af:42,18:64:72:ee:12:c1,9c:1c:12:86:af:40,9c:1c:12:86:af:41,94:b4:0f:b0:ce:62,94:b4:0f:b0:cf:81,9c:1c:12:86:cd:c1,9c:1c:12:86:cd:c2,18:64:72:ee:1a:01,18:64:72:ee:10:20,94:b4:0f:e1:ae:41,94:b4:0f:b0:c9:a0,94:b4:0f:b0:c9:a1,94:b4:0f:e1:b0:30,94:b4:0f:b0:c9:a2,18:64:72:ee:10:21,94:b4:0f:e1:b0:31
On_Balcony_Between_Boelter_and_Eng_IV,9c:1c:12:86:ae:31,9c:1c:12:86:ae:30,9c:1c:12:86:ae:32,94:b4:0f:b0:c9:a0,9c:1c:12:86:ae:22,9c:1c:12:86:ae:20,9c:1c:12:86:d0:e0,9c:1c:12:86:d0:e2,9c:1c:12:86:d0:e1,18:64:72:ee:15:b2,94:b4:0f:b0:c9:a2,18:64:72:ee:15:b1,94:b4:0f:b0:c0:f0,94:b4:0f:e1:ae:42,94:b4:0f:b0:c0:f1,94:b4:0f:e1:ae:40,94:b4:0f:b0:c0:f2,94:b4:0f:e1:a8:e2,94:b4:0f:e1:ae:41,18:64:72:f0:1d:70,18:64:72:f0:1d:71,94:b4:0f:e1:b2:32,9c:1c:12:86:c4:b2,18:64:72:f0:1d:72,c8:b3:73:1a:4a:c1,94:b4:0f:b0:cb:90,94:b4:0f:b0:cb:91,94:b4:0f:e1:b2:30,18:64:72:2e:c1:30,18:64:72:ee:15:62,94:b4:0f:b0:cb:92,94:b4:0f:e1:b0:22,18:64:72:2e:c1:31,94:b4:0f:e1:b2:31,18:64:72:2e:c1:32,18:64:72:ee:0f:50,18:64:72:ee:15:60,18:64:72:f0:1d:60,18:64:72:ee:0f:51,18:64:72:ee:15:61,18:64:72:ee:15:71,18:64:72:ee:13:50,18:64:72:ee:15:70,18:64:72:ee:0f:52,18:64:72:ee:19:c2,18:64:72:ee:12:c1,18:64:72:ee:13:51,44:48:c1:aa:11:93,94:b4:0f:b0:c9:b0,94:b4:0f:b0:c9:b2,94:b4:0f:e1:aa:12,40:e3:d6:cc:f4:51,94:b4:0f:b0:c9:b1,40:e3:d6:cc:f4:52,18:64:72:ee:11:11,9c:1c:12:86:a0:71,40:e3:d6:cc:fa:92,18:64:72:ee:12:c2,94:b4:0f:e1:a8:e1,94:b4:0f:e1:b5:b2,18:64:72:ee:11:a1,9c:1c:12:86:ad:91,94:b4:0f:e1:ac:52,44:48:c1:aa:11:92,18:64:72:ee:11:10,94:b4:0f:e1:b2:20,00:a2:ee:c0:43:ee,c8:b3:73:1a:4a:c2,94:b4:0f:b0:d0:f0,44:48:c1:a9:f1:32
Inside_Boelter_3_Stairway_1,40:e3:d6:cc:f3:c2,18:64:72:f0:35:80,18:64:72:f0:33:81,18:64:72:f0:33:82,18:64:72:f0:35:81,00:1a:1e:80:e2:e2,00:1a:1e:80:e2:e3,c8:b3:73:1a:4a:c1,00:1a:1e:80:e2:e1,18:64:72:ee:19:40,00:1a:1e:87:b9:a3,9c:1c:12:86:b4:c2,9c:1c:12:86:b4:c1,18:64:72:f0:3c:80,18:64:72:f0:35:82,18:64:72:f0:3c:82,18:64:72:ee:19:82,18:64:72:f0:3c:81,9c:1c:12:86:c3:82,18:64:72:ee:19:80,18:64:72:ee:19:81,00:1a:1e:87:b9:b2,00:24:6c:70:3f:71,94:b4:0f:b0:cf:52,00:1a:1e:80:e2:f3,94:b4:0f:b0:cf:50,00:24:6c:7f:e4:f1,94:b4:0f:b0:cf:51,00:24:6c:7f:e4:f0,00:1a:1e:80:e2:f2,00:24:6c:7f:e4:f2,94:b4:0f:b0:cd:e2,18:64:72:ee:18:c0,40:e3:d6:cc:f4:42,94:b4:0f:b0:cd:e0,18:64:72:ee:18:c2,94:b4:0f:e1:b7:a2,9c:1c:12:86:a1:e2,94:b4:0f:b0:75:a1,94:b4:0f:b0:cf:42,c8:b3:73:1a:4a:c2,94:b4:0f:e1:b7:a0,9c:1c:12:86:c3:80,18:64:72:f0:35:90,94:b4:0f:e1:b7:a1
On_Boelter_4_Balcony_Overlooking_Jungle,9c:1c:12:86:b7:50,9c:1c:12:86:ae:92,9c:1c:12:86:ae:91,9c:1c:12:86:b7:51,9c:1c:12:86:ae:90,9c:1c:12:86:b7:52,9c:1c:12:86:c3:80,9c:1c:12:86:c3:82,94:b4:0f:b0:ca:b0,94:b4:0f:b0:ca:b2,94:b4:0f:b0:ca:b1,18:64:72:ee:13:30,94:b4:0f:e1:b2:90,9c:1c:12:86:c1:d2,18:64:72:ee:13:31,94:b4:0f:e1:b2:91,9c:1c:12:86:c1:d1,18:64:72:ee:13:32,94:b4:0f:e1:b1:32,18:64:72:f0:35:e2,94:b4:0f:e1:b6:50,94:b4:0f:e1:b1:31,94:b4:0f:e1:b1:30,9c:1c:12:86:c1:d0,9c:1c:12:86:a1:f1,18:64:72:f0:35:f0,18:64:72:ee:11:f2,18:64:72:f0:35:f1,94:b4:0f:e1:ae:92,9c:1c:12:86:a1:e2,9c:1c:12:86:b4:82,18:64:72:f0:35:f2,9c:1c:12:86:a1:e1,9c:1c:12:86:b4:80,9c:1c:12:86:b4:81,94:b4:0f:b0:04:70,94:b4:0f:e1:ae:90,9c:1c:12:86:a1:e0,9c:1c:12:86:b4:90,18:64:72:ee:14:d2,18:64:72:ee:17:52,94:b4:0f:e1:ae:f2,9c:1c:12:86:b4:92,18:64:72:ee:17:51,9c:1c:12:86:b4:91,9c:1c:12:86:c3:81,94:b4:0f:e1:ae:f0,9c:1c:12:86:af:f2,9c:1c:12:86:b5:02,94:b4:0f:e1:ae:91,94:b4:0f:e1:ae:f1,18:64:72:ee:17:72,94:b4:0f:b0:04:72,94:b4:0f:b0:75:b2,94:b4:0f:b0:04:71,9c:1c:12:86:d0:f1,18:64:72:ee:17:70,9c:1c:12:86:d0:f0,94:b4:0f:b0:07:b2,9c:1c:12:86:af:e2,9c:1c:12:86:d0:f2,94:b4:0f:b0:75:b0,18:64:72:ee:0f:c1,94:b4:0f:b0:07:b1,94:b4:0f:b0:75:b1,94:b4:0f:e1:b6:41,94:b4:0f:e1:b1:20,94:b4:0f:e1:b4:02,18:64:72:ee:0e:a1,18:64:72:ee:17:71,94:b4:0f:b0:06:f1,9c:1c:12:86:c3:92,9c:1c:12:86:be:b1,9c:1c:12:86:c3:91,18:64:72:ee:18:c0,9c:1c:12:86:be:b0,18:64:72:ee:18:c1,94:b4:0f:e1:b4:01,18:64:72:ee:19:b0,18:64:72:ee:19:b1,18:64:72:ee:18:c2
Outside_Boelter_4_Elevator_136,94:b4:0f:b0:c9:b0,9c:1c:12:86:ae:30,9c:1c:12:86:ae:32,94:b4:0f:b0:c9:b1,9c:1c:12:86:ae:31,94:b4:0f:b0:c9:b2,9c:1c:12:86:ae:22,9c:1c:12:86:ae:21,9c:1c:12:86:ad:90,9c:1c:12:86:ae:20,9c:1c:12:86:ad:92,9c:1c:12:86:ad:91,18:64:72:ee:12:90,18:64:72:ee:12:92,9c:1c:12:86:ad:82,18:64:72:ee:12:91,9c:1c:12:86:ad:80,9c:1c:12:86:ad:81,94:b4:0f:b0:c9:a2,94:b4:0f:b0:c9:a1,9c:1c:12:86:c1:c1,94:b4:0f:b0:c9:a0,9c:1c:12:86:d0:e0,9c:1c:12:86:d0:e1,18:64:72:ee:15:60,9c:1c:12:86:d0:e2,18:64:72:ee:15:61,18:64:72:ee:15:62,18:64:72:ee:15:71,94:b4:0f:e1:b0:21,94:b4:0f:e1:b0:20,18:64:72:ee:15:72,9c:1c:12:86:c4:b2,9c:1c:12:86:d0:f1,18:64:72:ee:15:70,9c:1c:12:86:af:52,9c:1c:12:86:af:50,18:64:72:ee:12:c0,94:b4:0f:b0:d3:20,9c:1c:12:86:a5:50,9c:1c:12:86:bf:90,9c:1c:12:86:d0:f0,18:64:72:ee:12:c2,94:b4:0f:e1:ac:32,9c:1c:12:86:a5:52,9c:1c:12:86:cd:d2,9c:1c:12:86:d0:f2,18:64:72:ee:12:c1,9c:1c:12:86:a5:41,9c:1c:12:86:a5:51,94:b4:0f:e1:ac:30,94:b4:0f:b0:d3:22,94:b4:0f:e1:b0:22,9c:1c:12:86:af:42,9c:1c:12:86:bf:92,94:b4:0f:e1:ac:31,9c:1c:12:86:bf:81,9c:1c:12:86:bf:91,94:b4:0f:e1:ac:20,9c:1c:12:86:af:40,9c:1c:12:86:cd:d0,94:b4:0f:e1:b2:32,94:b4:0f:b0:d3:21,9c:1c:12:86:af:41,9c:1c:12:86:cd:d1,18:64:72:ee:10:22,18:64:72:ee:10:20,18:64:72:ee:13:22,18:64:72:ee:13:21,94:b4:0f:e1:b2:30,94:b4:0f:e1:b2:31
Outside_Boelter_4440,9c:1c:12:86:af:40,9c:1c:12:86:b1:b0,9c:1c:12:86:af:42,9c:1c:12:86:b1:b2,9c:1c:12:86:af:41,9c:1c:12:86:b1:b1,9c:1c:12:86:bf:80,9c:1c:12:86:bf:82,9c:1c:12:86:d0:e0,9c:1c:12:86:d0:e2,9c:1c:12:86:d0:e1,9c:1c:12:86:a6:90,9c:1c:12:86:a6:92,9c:1c:12:86:ae:22,9c:1c:12:86:a6:91,9c:1c:12:86:ae:21,9c:1c:12:86:ae:20,94:b4:0f:e1:ab:81,9c:1c:12:86:cd:c1,9c:1c:12:86:b1:a0,9c:1c:12:86:b1:a1,9c:1c:12:86:a5:40,9c:1c:12:86:b1:a2,18:64:72:ee:1a:01,94:b4:0f:b0:c9:a1,9c:1c:12:86:bf:81,94:b4:0f:b0:c9:a0,94:b4:0f:b0:c9:a2,18:64:72:ee:16:01,9c:1c:12:86:a5:41,18:64:72:ee:1a:00,9c:1c:12:86:ad:80,9c:1c:12:86:cb:b2,94:b4:0f:e1:ab:80,9c:1c:12:86:cb:b0,9c:1c:12:86:cb:b1,9c:1c:12:86:bf:90,9c:1c:12:86:cd:d0,94:b4:0f:e1:ab:82,94:b4:0f:e1:ac:d2,9c:1c:12:86:cd:d2,9c:1c:12:86:ad:21,9c:1c:12:86:bf:91,9c:1c:12:86:cd:d1,94:b4:0f:e1:ab:50,94:b4:0f:b0:08:72,94:b4:0f:e1:ab:52,9c:1c:12:86:bf:92,18:64:72:ee:14:e1,94:b4:0f:b0:08:71,94:b4:0f:e1:ab:51,94:b4:0f:b0:08:70,94:b4:0f:e1:b0:22,9c:1c:12:86:a5:42,9c:1c:12:86:cb:a2,94:b4:0f:b0:cf:81,94:b4:0f:e1:aa:50,9c:1c:12:86:cb:a0,94:b4:0f:e1:aa:52,94:b4:0f:b0:ce:40,9c:1c:12:86:ad:30,94:b4:0f:b0:ce:51,9c:1c:12:86:ad:32,94:b4:0f:e1:aa:51,9c:1c:12:86:ad:31,94:b4:0f:b0:ce:50,94:b4:0f:b0:ce:52,9c:1c:12:86:a5:50,94:b4:0f:b0:cf:82,94:b4:0f:e1:ab:41,18:64:72:ee:16:50,18:64:72:ee:16:52,9c:1c:12:86:a5:52,18:64:72:ee:16:51,94:b4:0f:e1:ac:c0,94:b4:0f:e1:ac:c2,94:b4:0f:e1:ac:c1,9c:1c:12:86:a5:51,18:64:72:ee:15:62,94:b4:0f:e1:ab:40,9c:1c:12:86:ae:31,94:b4:0f:b0:02:50,18:64:72:ee:1a:02,94:b4:0f:b0:02:52,9c:1c:12:86:ae:32,94:b4:0f:b0:02:51,9c:1c:12:86:c4:91,9c:1c:12:86:c4:90,18:64:72:ee:16:21,94:b4:0f:e1:ac:20,9c:1c:12:86:af:50,34:fc:b9:72:46:93,94:b4:0f:b0:07:f0,9c:1c:12:86:a5:b0
Outside_Boelter_4_Graduate_Student_Office,9c:1c:12:86:be:b2,9c:1c:12:86:be:b0,18:64:72:f0:34:30,18:64:72:f0:34:31,18:64:72:f0:34:32,9c:1c:12:86:bb:92,9c:1c:12:86:bb:91,94:b4:0f:e1:b6:50,18:64:72:f0:34:21,94:b4:0f:e1:b6:51,18:64:72:f0:34:20,94:b4:0f:e1:b6:52,94:b4:0f:e1:b5:c0,9c:1c:12:86:bb:80,18:64:72:f0:34:22,9c:1c:12:86:bb:81,9c:1c:12:86:c2:a0,9c:1c:12:86:bb:82,94:b4:0f:e1:ae:a1,94:b4:0f:e1:b5:c1,9c:1c:12:86:c7:61,18:64:72:ee:0e:30,94:b4:0f:b0:07:a1,94:b4:0f:e1:b4:11,9c:1c:12:86:ba:b0,9c:1c:12:86:be:a0,9c:1c:12:86:cb:a0,18:64:72:ee:0e:32,94:b4:0f:e1:b4:12,9c:1c:12:86:ba:b2,9c:1c:12:86:ba:b1,94:b4:0f:e1:b3:30,94:b4:0f:e1:b3:32,9c:1c:12:86:c4:82,9c:1c:12:86:c7:62,18:64:72:ee:0e:31,94:b4:0f:b0:d1:10,9c:1c:12:86:c4:80,94:b4:0f:b0:d1:12,94:b4:0f:b0:d2:12,94:b4:0f:b0:d1:11,9c:1c:12:86:a5:b0,94:b4:0f:b0:07:82,9c:1c:12:86:a5:b2,94:b4:0f:b0:04:61,94:b4:0f:b0:d2:11,9c:1c:12:86:a5:b1,9c:1c:12:86:c7:71,94:b4:0f:e1:b4:10,9c:1c:12:86:c4:90,9c:1c:12:86:c7:70,94:b4:0f:e1:b4:02,9c:1c:12:86:c7:72,94:b4:0f:e1:b6:41,94:b4:0f:e1:b6:42,9c:1c:12:86:c4:91,9c:1c:12:86:c5:70,9c:1c:12:86:c2:a2,9c:1c:12:86:c2:a1,9c:1c:12:86:c5:72,9c:1c:12:86:a5:a1,9c:1c:12:86:c5:71,94:b4:0f:e1:b4:00,9c:1c:12:86:a5:a0,9c:1c:12:86:b1:b0,94:b4:0f:b0:06:f2,9c:1c:12:86:a5:a2,94:b4:0f:e1:b4:01,9c:1c:12:86:b1:b1,94:b4:0f:e1:ab:d2,94:b4:0f:e1:b4:b0,18:64:72:ee:17:52,18:64:72:ee:17:51,94:b4:0f:b0:03:71,34:fc:b9:72:46:93,94:b4:0f:b0:03:72,9c:1c:12:86:be:a2,94:b4:0f:b0:07:e1,94:b4:0f:e1:b7:92,94:b4:0f:e1:ab:d1
Outside_Boelter_4_Elevator_North-East,9c:1c:12:86:c5:70,9c:1c:12:86:c5:72,9c:1c:12:86:c5:71,9c:1c:12:86:a5:a0,9c:1c:12:86:a5:a2,9c:1c:12:86:bb:82,9c:1c:12:86:bb:81,9c:1c:12:86:a5:a1,94:b4:0f:e1:ab:d0,94:b4:0f:e1:ab:d2,94:b4:0f:e1:ab:d1,9c:1c:12:86:c5:62,9c:1c:12:86:c5:61,94:b4:0f:e1:ab:c0,9c:1c:12:86:c5:60,18:64:72:f0:34:21,18:64:72:f0:34:20,94:b4:0f:e1:ab:c2,94:b4:0f:e1:ab:c1,94:b4:0f:b0:ca:d0,18:64:72:f0:34:22,94:b4:0f:b0:ca:d1,94:b4:0f:e1:b4:52,94:b4:0f:e1:b4:50,9c:1c:12:86:ba:b0,94:b4:0f:b0:ca:d2,94:b4:0f:e1:bc:12,94:b4:0f:e1:b4:51,94:b4:0f:b0:00:60,94:b4:0f:b0:ca:c0,94:b4:0f:e1:bc:10,9c:1c:12:86:be:a0,18:64:72:ee:18:52,94:b4:0f:b0:ca:c1,94:b4:0f:e1:bc:11,18:64:72:ee:11:70,18:64:72:ee:18:50,94:b4:0f:b0:00:62,18:64:72:ee:18:51,94:b4:0f:e1:b4:a0,18:64:72:ee:11:72,94:b4:0f:b0:ca:c2,18:64:72:ee:11:71,94:b4:0f:e1:b4:a1,94:b4:0f:e1:b6:50,94:b4:0f:e1:b4:b2,94:b4:0f:e1:b6:52,94:b4:0f:e1:b6:51,94:b4:0f:e1:b9:10,94:b4:0f:e1:b4:42,94:b4:0f:e1:b4:a2,94:b4:0f:e1:b6:42,94:b4:0f:e1:b9:12,94:b4:0f:e1:b9:11,18:64:72:ee:18:40,18:64:72:ee:18:42,9c:1c:12:86:bb:90,94:b4:0f:e1:a8:42,94:b4:0f:e1:b3:32,9c:1c:12:86:bb:92,94:b4:0f:e1:b4:00,94:b4:0f:e1:b4:40,94:b4:0f:e1:af:92,9c:1c:12:86:bb:91,94:b4:0f:b0:08:50,94:b4:0f:e1:b4:02,94:b4:0f:b0:08:51,94:b4:0f:e1:b3:31,94:b4:0f:e1:b4:01,18:64:72:ee:11:60,94:b4:0f:b0:ca:10,94:b4:0f:e1:af:90,18:64:72:ee:11:62,94:b4:0f:b0:08:52,94:b4:0f:b0:ca:12,94:b4:0f:b0:ca:11,94:b4:0f:e1:a9:50,18:64:72:ee:11:61,94:b4:0f:e1:a9:51,9c:1c:12:86:c7:60,94:b4:0f:b0:05:32,94:b4:0f:e1:a9:52,94:b4:0f:e1:b5:00,94:b4:0f:e1:b5:02,94:b4:0f:e1:bc:02,94:b4:0f:e1:b5:01,9c:1c:12:86:c7:61,94:b4:0f:e1:b9:00,94:b4:0f:e1:b9:02,94:b4:0f:e1:b9:01
Outside_Boelter_4_Elevator_North-West,9c:1c:12:86:ba:40,9c:1c:12:86:ba:42,9c:1c:12:86:ba:41,94:b4:0f:b0:75:a2,94:b4:0f:b0:ca:c0,94:b4:0f:b0:ca:c2,94:b4:0f:b0:ca:c1,9c:1c:12:86:b4:d0,9c:1c:12:86:a6:32,9c:1c:12:86:a6:31,9c:1c:12:86:b4:d1,9c:1c:12:86:a6:30,9c:1c:12:86:b4:d2,94:b4:0f:b0:cf:50,94:b4:0f:b0:cf:52,94:b4:0f:b0:cf:51,9c:1c:12:86:b4:50,9c:1c:12:86:b4:52,9c:1c:12:86:b5:02,9c:1c:12:86:b5:00,94:b4:0f:e1:b5:02,94:b4:0f:e1:b5:01,9c:1c:12:86:a4:70,18:64:72:f0:35:91,9c:1c:12:86:a4:72,18:64:72:f0:35:92,9c:1c:12:86:a4:71,9c:1c:12:86:b5:01,18:64:72:f0:35:90,94:b4:0f:e1:b7:a0,94:b4:0f:e1:b7:a2,94:b4:0f:e1:b7:a1,94:b4:0f:b0:cf:42,94:b4:0f:b0:cf:40,9c:1c:12:86:a1:e2,9c:1c:12:86:a1:e1,9c:1c:12:86:a6:22,94:b4:0f:b0:d1:43,18:64:72:e0:8b:02,9c:1c:12:86:b4:c1,18:64:72:e0:8b:00,9c:1c:12:86:b4:c0,9c:1c:12:86:b4:c2,18:64:72:e0:8b:01,9c:1c:12:86:c5:71,94:b4:0f:b0:75:a0,18:64:72:ee:13:61,18:64:72:ee:18:41,94:b4:0f:b0:75:a1,94:b4:0f:e1:a9:01,94:b4:0f:e1:a9:00,18:64:72:ee:18:42,18:64:72:f0:3c:91,94:b4:0f:e1:a9:02,94:b4:0f:b0:cf:41,18:64:72:ee:13:60,18:64:72:f0:3c:90,18:64:72:ee:13:62,9c:1c:12:86:c5:62,18:64:72:f0:3c:92,9c:1c:12:86:c5:61,9c:1c:12:86:c5:60,9c:1c:12:86:a4:62,18:64:72:ee:19:61,18:64:72:ee:19:60,94:b4:0f:e1:a9:b0,18:64:72:ee:19:62,94:b4:0f:e1:a9:b2,94:b4:0f:e1:a9:b1,94:b4:0f:e1:ab:c1,9c:1c:12:86:a1:e0,94:b4:0f:e1:a9:10,94:b4:0f:e1:a9:11,9c:1c:12:86:c3:81,9c:1c:12:86:c3:80,94:b4:0f:e1:a9:12,9c:1c:12:86:c3:82,00:24:6c:7f:ed:92
Inside_Boelter_8_Research_Commons,00:1d:7e:96:97:50,18:64:72:ee:0c:f2,18:64:72:ee:0c:f1,18:64:72:ee:0c:f0,18:64:72:ee:14:90,18:64:72:ee:14:91,18:64:72:ee:14:92,18:64:72:ee:0d:d0,18:64:72:ee:14:80,18:64:72:ee:0d:d2,18:64:72:ee:14:82,18:64:72:ee:0d:d1,18:64:72:ee:14:81,18:64:72:ee:0c:e0,18:64:72:ee:0c:e1,18:64:72:ee:0d:c0,18:64:72:ee:0c:e2,94:b4:0f:f8:ce:10,94:b4:0f:f8:ce:11,94:b4:0f:f8:ce:12,94:b4:0f:b0:d0:d0,94:b4:0f:f8:ce:02,94:b4:0f:f8:ce:01,94:b4:0f:e1:a9:50,94:b4:0f:f8:ce:00,94:b4:0f:b0:d0:92,94:b4:0f:b0:d0:91,00:24:6c:7f:f3:e0,00:24:6c:7f:f3:e1,18:64:72:2e:a0:01,94:b4:0f:b0:d0:d2,94:b4:0f:e1:a9:52,18:64:72:ee:0e:10,18:64:72:ee:0e:12,00:24:6c:7f:f3:e2,18:64:72:2e:a0:02,94:b4:0f:b0:d0:d1,00:1a:1e:95:fd:a1,18:64:72:ee:14:52,00:1a:1e:95:fd:a0,18:64:72:ee:0e:11,18:64:72:ee:14:50,18:64:72:2e:a0:11,18:64:72:ee:14:51,00:1a:1e:95:fd:a4,18:64:72:ee:0d:b0,00:1a:1e:78:f8:42,18:64:72:ee:0d:b1
Inside_Boelter_3704,94:b4:0f:e1:ac:d0,94:b4:0f:e1:ac:d2,94:b4:0f:e1:ac:d1,94:b4:0f:e1:ac:c0,94:b4:0f:e1:ac:c2,94:b4:0f:e1:ac:c1,9c:1c:12:86:b1:b0,9c:1c:12:86:b1:b2,9c:1c:12:86:b1:b1,9c:1c:12:86:b1:a2,18:64:72:ee:16:51,9c:1c:12:86:b1:a1,9c:1c:12:86:b1:a0,18:64:72:ee:16:50,18:64:72:ee:16:52,94:b4:0f:e1:ab:50,94:b4:0f:e1:ab:52,94:b4:0f:e1:ab:51,18:64:72:ee:16:40,18:64:72:ee:16:42,24:a2:e1:ed:31:54,94:b4:0f:e1:b4:70,18:64:72:ee:16:41,94:b4:0f:e1:b4:72,94:b4:0f:e1:b6:90,94:b4:0f:e1:aa:52,94:b4:0f:e1:b6:92,9c:1c:12:86:a6:90,94:b4:0f:e1:b6:91,9c:1c:12:86:a6:91,9c:1c:12:86:a6:92,94:b4:0f:e1:b4:60,94:b4:0f:e1:ab:42,94:b4:0f:b0:ce:50,94:b4:0f:e1:b4:62,94:b4:0f:b0:ce:52
Inside_Hedrick_4_North_Lounge,b4:5d:50:59:cb:81,b4:5d:50:59:cb:80,b4:5d:50:59:cb:82,a8:bd:27:2f:42:e1,a8:bd:27:2f:42:e2,b4:5d:50:59:c9:81,b4:5d:50:59:c9:82,a8:bd:27:2f:42:e0,b4:5d:50:59:c9:80,b4:5d:50:59:cb:91,b4:5d:50:59:cb:92,b4:5d:50:59:cb:90,b4:5d:50:59:de:41,b4:5d:50:59:de:40,b4:5d:50:59:de:42,b4:5d:50:59:dc:01,b4:5d:50:59:dc:02,b4:5d:50:59:dc:00,b4:5d:50:59:db:01,b4:5d:50:59:ef:a1,b4:5d:50:59:db:02,b4:5d:50:59:ef:a2,b4:5d:50:59:db:00,b4:5d:50:59:ef:a0,b4:5d:50:59:f1:60,b4:5d:50:59:f1:62,b4:5d:50:59:f1:61,b4:5d:50:59:c9:90,b4:5d:50:59:c9:91,b4:5d:50:59:c9:92,b4:5d:50:59:dc:11,b4:5d:50:59:ef:b1,b4:5d:50:59:dc:12,b4:5d:50:59:ef:b2,b4:5d:50:59:ef:b0,b4:5d:50:59:de:51,b4:5d:50:59:f5:81,b4:5d:50:59:fb:a1,b4:5d:50:59:de:52,b4:5d:50:59:dc:10,b4:5d:50:59:de:50,b4:5d:50:59:fb:a0,b4:5d:50:59:e3:01,b4:5d:50:59:e3:02,b4:5d:50:59:f5:82,b4:5d:50:59:fb:a2,b4:5d:50:59:e3:00,b4:5d:50:59:e2:21,b4:5d:50:59:e2:20,b4:5d:50:59:db:12,b4:5d:50:59:e2:22,b4:5d:50:59:ca:c0,b4:5d:50:59:db:10,b4:5d:50:59:db:11,b4:5d:50:59:f2:e1,b4:5d:50:59:ca:c2,b4:5d:50:59:d3:40,b4:5d:50:59:ca:c1,b4:5d:50:59:f2:e2,b4:5d:50:59:e3:a1,b4:5d:50:59:f9:42,b4:5d:50:59:e3:a0,40:e3:d6:60:52:22,b4:5d:50:59:fa:c1,b4:5d:50:59:f2:c1,b4:5d:50:59:f2:c0
Inside_the_Acacia_Lounge,ac:a3:1e:6b:81:e1,ac:a3:1e:6b:81:e2,ac:a3:1e:6b:81:e0,00:1a:1e:80:e1:e0,00:1a:1e:80:e1:e2,ac:a3:1e:6b:81:e9,ac:a3:1e:6b:81:ea,ac:a3:1e:6b:81:e8,00:1a:1e:80:e1:e1,00:1a:1e:92:7d:02,ac:a3:1e:6b:3e:62,ac:a3:1e:6b:44:21,ac:a3:1e:71:a6:c1,ac:a3:1e:6b:44:20,ac:a3:1e:71:a6:c0,ac:a3:1e:6b:44:22,84:d4:7e:ea:8e:01,84:d4:7e:ea:8e:00,84:d4:7e:ea:8e:02,ac:a3:1e:6b:3e:6a,00:1a:1e:92:7d:10,00:1a:1e:92:7d:12,00:1a:1e:92:7d:11,ac:a3:1e:6b:3e:69,ac:a3:1e:6b:3e:68,84:d4:7e:ea:a5:e2,84:d4:7e:ea:a5:e1,84:d4:7e:ea:a5:e0,ac:a3:1e:6b:44:29,ac:a3:1e:6b:44:2a,ac:a3:1e:6b:44:28,00:1a:1e:91:7d:a1,00:1a:1e:80:e5:60,84:d4:7e:ea:8e:10,ac:a3:1e:6b:78:02,84:d4:7e:ea:8e:11,00:1a:1e:83:71:21,00:1a:1e:83:71:22,ac:a3:1e:6b:39:e2,00:1a:1e:91:7d:b1,00:1a:1e:91:7d:b0,84:d4:7e:ea:8d:80,00:1a:1e:83:71:20,00:1a:1e:91:7d:b2,ac:a3:1e:6b:56:a2,00:1a:1e:83:71:32,ac:a3:1e:71:a6:c9,ac:a3:1e:71:a6:ca,ac:a3:1e:71:a6:c8,00:1a:1e:83:71:30,00:1a:1e:83:71:31,00:1a:1e:80:e5:72
